videoId,channelTitle,publishedAt,title,description,Contact,Product 1,Location 1,Product 2,Location 2,Product 3,Location 3,Product 4,Location 4,Product 5,Location 5 ,Product 6,Location 6,製品ID 7,場所 7,製品ID 8,場所 8,製品ID 9,場所 9,製品ID 10,場所 10,製品ID 11,場所 11,製品ID 12,場所 12,製品ID 13,場所 13,製品ID 14,場所 14,製品ID 15,場所 15,製品ID 16,場所 16,製品ID 17,場所 17,製品ID 18,場所 18,製品ID 19,場所 19,製品ID 20,場所 20,製品ID 21,場所 21,製品ID 22,場所 22,製品ID 23,場所 23,製品ID 24,場所 24,製品ID 25,場所 25,製品ID 26,場所 26,製品ID 27,場所 27,製品ID 28,場所 28,製品ID 29,場所 29,製品ID 30,場所 30,製品ID 31,場所 31,製品ID 32,場所 32,製品ID 33,場所 33,製品ID 34,場所 34,製品ID 35,場所 35,製品ID 36,場所 36,製品ID 37,場所 37,製品ID 38,場所 38,製品ID 39,場所 39,製品ID 40,場所 40,製品ID 41,場所 41,製品ID 42,場所 42,製品ID 43,場所 43,製品ID 44,場所 44,製品ID 45,場所 45,製品ID 46,場所 46
HMShMWfk83E,egg Channel,2021-09-22 17:00:03+00:00,現役JS・JC・JK達の放課後ギャルメイク💖あどけなさ満点で激かわです✨【じゅな&amp;マリサ＆まなぺこ】【make up】,誰でも放課後、週末だけでもギャルになれる❤‼ 超絶ぴちぴちギャル達のメイク動画を紹介  ✨ ▽ゲストで登場してくれたジュナ ...,Dreamy ドリーミー　エターナルブラウン,MISSHA（ミシャ　 M クッション ファンデーション(モイスチャー),Foundation,UR GLAM　カバー＆ハイライト コンシーラー / 明るい肌色,Concealer,キャンメイク　トランスペアレントフィニッシュパウダー / No.SA シャイニーアクアマリン,Powder,キャンメイク　ミックスアイブロウ / No.05 モカブラウン　（３）,Brow,キャンメイク　ミックスアイブロウ / No.05 モカブラウン　（１）　〓〓〓　キャンメイク　ミックスアイブロウ / No.05 モカブラウン　（２）,Brow,ヘビーローテーション　カラーリングアイブロウ / 05 ライトブラウン,Brow,キャンメイク　3wayスリムシェードライナー / 02 アッシュブラウン,Brow,UR GLAM　カバー＆ハイライト コンシーラー / 明るい肌色,Brow,DAISO　アイテープ（絆創膏タイプ、スリム、１２２枚）,DoubuleEyelid,キャンメイク　アイシャドウベース / PP ピンクパール,UpperEyelid,VAVI MELLO(バビメロ) バレンタインボックス / ？　（９）,UpperEyelid,VAVI MELLO(バビメロ) バレンタインボックス / ？　（１２）,UpperEyelid,VAVI MELLO(バビメロ) バレンタインボックス / ？　（１２）,LowerEyelid,VAVI MELLO(バビメロ) バレンタインボックス / ？　（６）,UpperEyelid,VAVI MELLO(バビメロ) バレンタインボックス / ？　（７）,UpperEyelid,キャンメイク　3wayスリムシェードライナー / 02 アッシュブラウン,UpperEyelid,msh(エム・エス・エイチ)　ラブ・ライナー リキッドアイライナーR3 / ブラック,UpperEyeline,キャンメイク　アイラッシュカーラー,UpperEyelash,[つけまつげ],UpperEyelash,キャンメイク　クリーミータッチライナー / No.01 ディープブラック,LowerEyeline,キャンメイク　パーフェクトスタイリストアイズ / No.23 アーモンドカヌレ　（５）,LowerEyelid,キャンメイク　クリーミータッチライナー / No.01 ディープブラック,UpperEyelid,ケイト　ザ アイカラー / 001,LowerEyelid,キャンメイク　3wayスリムシェードライナー / 02 アッシュブラウン,LowerEyelid,ケイト　ラッシュマキシマイザーHP,UpperEyelash,ケイト　ラッシュマキシマイザーHP,LowerEyelash,メイベリン　ニューヨーク ラッシュニスタ N / NT01 ブラック,UpperEyelash,メイベリン　ニューヨーク ラッシュニスタ N / NT01 ブラック,LowerEyelash,キャンメイク　ミックスアイブロウ / No.05 モカブラウン　（２）　〓〓〓　キャンメイク　ミックスアイブロウ / No.05 モカブラウン　（３）,Nose,キャンメイク　ミックスアイブロウ / No.05 モカブラウン　（１）　〓〓〓　キャンメイク　ミックスアイブロウ / No.05 モカブラウン　（２）,Nose,セザンヌ　パールグロウハイライト / 03 オーロラミント,Nose,セザンヌ　パールグロウハイライト / 03 オーロラミント,Chin,セザンヌ　パールグロウハイライト / 03 オーロラミント,Forehead,セザンヌ　パールグロウハイライト / 03 オーロラミント,Cheek,シャネル　プードゥル ルミエール / 10 アイヴォリー ゴールド,Nose,キャンメイク　マットフルールシェーディング / No.02 ダークブラウン　（？）,Face,キャンメイク　マットフルールシェーディング / No.02 ダークブラウン　（２）,Forehead,リンメル　ラスティング プロボカリプス リップカラー / ？,Lip,[チーク],Cheek,,,,,,,,,,,,,,
HMShMWfk83E,egg Channel,2021-09-22 17:00:03+00:00,現役JS・JC・JK達の放課後ギャルメイク💖あどけなさ満点で激かわです✨【じゅな&amp;マリサ＆まなぺこ】【make up】,誰でも放課後、週末だけでもギャルになれる❤‼ 超絶ぴちぴちギャル達のメイク動画を紹介  ✨ ▽ゲストで登場してくれたジュナ ...,,DOOWON　タッチインソルプライマー,Base,TIRTIR　MASK FIT CUSHION,Foundation,メイベリン ニューヨーク　インスタント コンシーラー / 150,Concealer,イニスフリー　ノーセバム ミネラルパウダー N,Powder,エクセル　スタイリング パウダーアイブロウ / SE02 ライトブラウン　（４）,Brow,エクセル　スタイリング パウダーアイブロウ / SE02 ライトブラウン　（２）,Brow,ヘビーローテーション　カラーリングアイブロウ / 03 アッシュブラウン,Brow,[アイテープ],DoubuleEyelid,レブロン　カラーステイ グリーミング アイズ リキッド シャドウ,UpperEyelid,ティアラガール　TG アイカラーパレット01　（２１）,UpperEyelid,ディオール　スパークリング クチュール マルチユース パレット　（３）,UpperEyelid,デジャヴュ　密着アイライナー ラスティンファイン ショート筆リキッド / ？,UpperEyeline,Diamond Lash(SHO-BI)　ゴージャスeye,UpperEyelash,Diamond Lash(SHO-BI)　ゴージャスeye,UpperEyelash,[ビューラー],UpperEyelash,デジャヴュ　密着アイライナー ラスティンファイン ショート筆リキッド / ？,UpperEyeline,レブロン　カラーステイ グリーミング アイズ リキッド シャドウ,LowerEyelid,M・A・C　スモール アイシャドウ×9 / バーガンディ タイムズ ナイン　（１）,LowerEyelid,ディオール　スパークリング クチュール マルチユース パレット　（３）,LowerEyelid,M・A・C　ミネラライズ スキンフィニッシュ / ライトスカペード,UpperEyelid,デジャヴュ　密着アイライナー ラスティンファイン ショート筆リキッド / ？,UpperEyeline,デジャヴュ　密着アイライナー ラスティンファイン ショート筆リキッド / ？,LowerEyeline,ケイト　ダブルラインエキスパート / LB-1,LowerEyelid,ケイト　ダブルラインエキスパート / LB-1,UpperEyelid,ドーリーウインク　アイラッシュ / 05,LowerEyelash,エクセル　スタイリング パウダーアイブロウ / SE02 ライトブラウン　（２）　〓〓〓　エクセル　スタイリング パウダーアイブロウ / SE02 ライトブラウン　（３）,Nose,エクセル　スタイリング パウダーアイブロウ / SE02 ライトブラウン　（４）,Nose,エクセル　スキニーリッチチーク / RC03：ローズピオニー,Cheek,ディオール　ディオール バックステージ コントゥール パレット / 01　（３）,Face,M・A・C　ミネラライズ スキンフィニッシュ / ライトスカペード,Cheek,M・A・C　ミネラライズ スキンフィニッシュ / ライトスカペード,Chin,M・A・C　ミネラライズ スキンフィニッシュ / ライトスカペード,Nose,M・A・C　ミネラライズ スキンフィニッシュ / ライトスカペード,Lip,ディオール　ディオール アディクト リップ マキシマイザー(旧) / 001 ピンク,Lip,M・A・C　パウダー キス リップスティック / マル イット オーバー,Lip,ケイト　ダブルラインエキスパート / LB-1,Brow,,,,,,,,,,,,,,,,,,,,
HMShMWfk83E,egg Channel,2021-09-22 17:00:03+00:00,現役JS・JC・JK達の放課後ギャルメイク💖あどけなさ満点で激かわです✨【じゅな&amp;マリサ＆まなぺこ】【make up】,誰でも放課後、週末だけでもギャルになれる❤‼ 超絶ぴちぴちギャル達のメイク動画を紹介  ✨ ▽ゲストで登場してくれたジュナ ...,ワンデーアキュビュー　フレッシュグレーゼル,MISSHA（ミシャ）　M クッション ファンデーション(モイスチャー) / No.21,Foundation,メイベリン ニューヨーク　ブロウインク リキッドペン / GB-1 グレーブラウン,Brow,ヘビーローテーション　パウダーアイブロウ&3Dノーズ / 01 ライトブラウン　（３）,Brow,ヘビーローテーション　パウダーアイブロウ&3Dノーズ / 01 ライトブラウン　（４）,Brow,ヘビーローテーション　パウダーアイブロウ&3Dノーズ / 01 ライトブラウン　（２）,Nose,ヘビーローテーション　パウダーアイブロウ&3Dノーズ / 01 ライトブラウン　（２）,UpperEyelid,ヘビーローテーション　パウダーアイブロウ&3Dノーズ / 01 ライトブラウン　（２）,Chin,[シェーディング],Face,ヘビーローテーション　カラーリングアイブロウ / 04 ナチュラルブラウン,Brow,キャンメイク　ハイライター / ？,Forehead,キャンメイク　ハイライター / ？,Cheek,キャンメイク　ハイライター / ？,Chin,レブロン　スキンライト プリズマティック ハイライター / 201 デイブレイク グリマー,Nose,レブロン　スキンライト プリズマティック ハイライター / 201 デイブレイク グリマー,Lip,リンメル　ショコラスウィート アイズ ソフトマット / 004　（１）,UpperEyelid,FlowerKnows(フラワーノーズ)　レトロマグネティック アイシャドウパレット / 05 Vinyl Record 　（２）,UpperEyelid,FlowerKnows(フラワーノーズ)　レトロマグネティック アイシャドウパレット / 05 Vinyl Record 　（５）,UpperEyelid,FlowerKnows(フラワーノーズ)　レトロマグネティック アイシャドウパレット / 05 Vinyl Record 　（６）,UpperEyelid,FlowerKnows(フラワーノーズ)　レトロマグネティック アイシャドウパレット / 05 Vinyl Record 　（４）,UpperEyelid,メイベリン ニューヨーク　ブロウインク リキッドペン / NB-1 ナチュラルブラウン,LowerEyelid,メイベリン ニューヨーク　ブロウインク リキッドペン / NB-1 ナチュラルブラウン,UpperEyeline,メイベリン ニューヨーク　ビッグアイ シャドウ / BR-1　（４）,UpperEyelid,メイベリン　ニューヨーク ハイパーシャープ ライナー R / BK-1 漆黒ブラック,UpperEyeline,[ビューラー],UpperEyelash,ケイト　ラッシュマキシマイザーHP,UpperEyelash,キャンメイク　クイックラッシュカーラーセパレート / No.02 ブラック,UpperEyelash,マジョリカ マジョルカ　ラッシュエキスパンダー ロングロングロング ＥＸ / BK999,UpperEyelash,ケイト　ラッシュマキシマイザーHP,LowerEyelash,キャンメイク　クイックラッシュカーラーセパレート / No.02 ブラック,LowerEyelash,エルシア　プラチナム 明るさ＆血色アップ チークカラー / RO601,Cheek,ミラノコレクション フェースアップパウダー2019,Powder,A’pieu（アピュー）　ジューシーパン スパークリングティント / RD01いちころライチ,Lip,レブロン　スキンライト プリズマティック ハイライター / 201 デイブレイク グリマー,Lip,,,,,,,,,,,,,,,,,,,,,,,,,,
AiUSSxCWzGQ,ハウスダスト,44710.25,【完全再現】先生の許容を超えないスクールメイク!!思い出語りながらやっていくわよ!!,先生あの頃はごめん() ▽ファンレター・プレゼント宛先 動画や各SNSで紹介させていただくことがあります！ いつもありがとう( ...,なし,スキンアクア　トーンアップUVエッセンス / ラベンダー,Base,メンソレータム　薬用リップスティックXD,Lip,セザンヌ　皮脂テカリ防止下地 / ピンクベージュ,Base,the SAEM　CPチップコンシーラー / 1.25 ライトベージュ,Concealer,ケイト　リアルアイズプロデューサー / EX-1 アイボリー,Concealer,イニスフリー　ノーセバム ミネラルパウダー N,Powder,ケイト　デザイニングアイブロウ3D / EX-4　（？）,Brow,セザンヌ　トーンアップアイシャドウ / 04 ピンクブラウン　（２）,UpperEyelid,セザンヌ　トーンアップアイシャドウ / 04 ピンクブラウン　（３）,LowerEyelid,セザンヌ　トーンアップアイシャドウ / 04 ピンクブラウン　（３）,UpperEyelid,ケイト　デザイニングアイブロウ3D / EX-4　（２）,LowerEyelid,[ビューラー],UpperEyelash,[ビューラー],LowerEyelash,キャンメイク　クイックラッシュカーラー / 透明タイプ,UpperEyelash,ダイソー　エバビレーナ アイブローコート,Brow,キャンメイク　クリームチーク / No.CL05 クリアハピネス,Cheek,キャンメイク　クリームチーク / No.CL05 クリアハピネス,Chin,キャンメイク　クリームチーク / No.CL05 クリアハピネス,Forehead,ケイト　デザイニングアイブロウ3D / EX-4　（２）　〓〓〓　ケイト　デザイニングアイブロウ3D / EX-4　（３）,Nose,ケイト　デザイニングアイブロウ3D / EX-4　（１）　〓〓〓　ケイト　デザイニングアイブロウ3D / EX-4　（２）　〓〓〓　ケイト　デザイニングアイブロウ3D / EX-4　（３）,Face,キャンメイク　リップティントシロップ / No.03 アザレアシロップ,Lip,メンソレータム　薬用リップスティックXD,Lip,メンソレータム　薬用リップスティックXD,Lip,,,,,,,,,,,,,,,,,,,,,,,,,,,,,,,,,,,,,,,,,,,,,,
BP7_WjMExY8,nanakoななこ,44805.44722,【神】【フルメイク合計500円】優秀百均コスメで初心者でも盛れるナチュラルピンクメイク！史上最安値激安！ダイソーコスメで初心者 高校生中学生メイク！スクールメイクにも！Urglam/プチプラコスメ,どう考えても神動画！！！！！大拡散希望です！ モイティフルのコスメもたくさん買ったので動画お楽しみに！！ チャンネル登録 ...,〇,スキンアクア　トーンアップUVエッセンス,Base,[二重],DoubleEyelid,UR GLAM　マーブルフェイスパウダー / 03,Powder,GENE TOKYO　リラクシーアイシャドウ / 02　（４）,Brow,GENE TOKYO　リラクシーアイシャドウ / 02　（４）,LowerEyelid,GENE TOKYO　リラクシーアイシャドウ / 02　（４）,UpperEyelid,GENE TOKYO　リラクシーアイシャドウ / 02　（２）,UpperEyelid,GENE TOKYO　リラクシーアイシャドウ / 02　（１）,UpperEyelid,GENE TOKYO　リラクシーアイシャドウ / 02　（２）,LowerEyelid,GENE TOKYO　リラクシーアイシャドウ / 02　（１）,LowerEyelid,GENE TOKYO　リラクシーアイシャドウ / 02　（２）　〓〓〓　GENE TOKYO　リラクシーアイシャドウ / 02　（４）,LowerEyelid,GENE TOKYO　リラクシーアイシャドウ / 02　（２）　〓〓〓　GENE TOKYO　リラクシーアイシャドウ / 02　（４）,UpperEyelid,GENE TOKYO　リラクシーアイシャドウ / 02　（３）,Nose,[リップ],Lip,[リップ],Cheek,UR GLAM　リキッドアイライナー / ジェットブラック,UpperEyeline,GENE TOKYO　リラクシーアイシャドウ / 02　（２）,UpperEyeline,[ビューラー],UpperEyelash,UR GLAM　スキニーマスカラ / パープル,UpperEyelash,,,,,,,,,,,,,,,,,,,,,,,,,,,,,,,,,,,,,,,,,,,,,,,,,,,,,,
Jhh-tMAUX4k,nanakoななこ,44714.37639,【黒髪優勝】一番可愛い黒髪透明感メイク！暗い髪でも重くならない！イエベもブルベも盛れすぎる夏の黒髪メイク！【高校生】【実習】,ご視聴ありがとうございます??チャンネル登録よろしくね/ 黒髪って最高?！！！   TIRTIR PERFECT-C VITA AMPOULE MASK ...,ロゼ　エアリー　オリーブ,プリマヴィスタ　プリマヴィスタ スキンプロテクトベース＜皮脂くずれ防止＞ / トーンアップ,Base,マーシュ・フィールド　マーシュフィールド SC クリームファンデS,Concealer,マーシュ・フィールド　マーシュフィールド SC クリームファンデS,LowerEyelid,マーシュ・フィールド　マーシュフィールド SC クリームファンデS,Nose,マーシュ・フィールド　マーシュフィールド SC クリームファンデS,Lip,キャンメイク　ミックスアイブロウ / No.07 ミスティモーヴブラウン　（１）　〓〓〓　キャンメイク　ミックスアイブロウ / No.07 ミスティモーヴブラウン　（２）,Brow,ヘビーローテーション　カラーリングアイブロウ / 10 ピンクアッシュ,Brow,マーシュ・フィールド　マーシュフィールド SC クリームファンデS,Brow,M・A・C(マック)　スモール アイシャドウ / オメガ,Nose,セザンヌ　パールグロウハイライト / 04シェルピンク,Nose,セザンヌ　パールグロウハイライト / 04シェルピンク,Nose,FORENCOS　タトゥーベルベットティント / #23RUDDY（ラディ）,Lip,FORENCOS　タトゥーベルベットティント / #37BLACK CHERRY（ブラックチェリー）,Lip,イニスフリー　マイチーク ヴェール / 5,Cheek,イニスフリー　マイチーク ヴェール / 5,Chin,イニスフリー　マイチーク ヴェール / 5,Nose,too cool for school　アートクラスバイロダンシェーディングマスター / 02モダン,Face,Chacott COSMETICS(チャコット・コスメティクス)　フィニッシングUVパウダー クール / 765 ライトナチュラル,Powder,セザンヌ　描くふたえアイライナー / 30 影用ピンク,LowerEyelid,leur charme　leur charme マテリアルカラーパレット / 01 フランボワーズココ　（１）,Nose,leur charme　leur charme マテリアルカラーパレット / 01 フランボワーズココ　（１）,Forehead,leur charme　leur charme マテリアルカラーパレット / 01 フランボワーズココ　（３）,UpperEyelid,leur charme　leur charme マテリアルカラーパレット / 01 フランボワーズココ　（３）,LowerEyelid,leur charme　leur charme マテリアルカラーパレット / 01 フランボワーズココ　（８）,UpperEyelid,leur charme　leur charme マテリアルカラーパレット / 01 フランボワーズココ　（９）　〓〓〓　leur charme　leur charme マテリアルカラーパレット / 01 フランボワーズココ　（４）,UpperEyelid,leur charme　leur charme マテリアルカラーパレット / 01 フランボワーズココ　（９）,LowerEyelid,leur charme　leur charme マテリアルカラーパレット / 01 フランボワーズココ　（５）,LowerEyelid,leur charme　leur charme マテリアルカラーパレット / 01 フランボワーズココ　（４）,LowerEyelid,leur charme　leur charme マテリアルカラーパレット / 01 フランボワーズココ　（１）,UpperEyelid,leur charme　leur charme マテリアルカラーパレット / 01 フランボワーズココ　（２）,UpperEyelid,msh(エム・エス・エイチ)　ラブ・ライナー リキッドアイライナーR4 / モカグレージュ,UpperEyeline,コージー 　カービングアイラッシュカーラー,UpperEyelid,コーセーコスメニエンス　カールキープマジック / クリアブラック,UpperEyelid,コーセーコスメニエンス　カールキープマジック / クリアブラック,LowerEyelid,,,,,,,,,,,,,,,,,,,,,,,,
#NAME?,ふくれな/fukurena,2017-10-10 18:30:01+00:00,【学生必見】先生にバレにくい学校メイク！昔を思い出しながら…,ご視聴ありがとうございます！ 【お仕事ご依頼】 management-info@candee.co.jp 【お手紙などこちら】 〒107-0062『ふくれな ...,なし,アリィー(ALLIE)　エクストラUV ジェル,Base,カリプソ　マジックコンシーラー / ピンクベージュ,Concealer,セザンヌ　UVクリアフェイスパウダー / 01 ライト,Powder,ケイト　デザイニングアイブロウ3D / EX-4　（１）,Brow,ケイト　デザイニングアイブロウ3D / EX-4　（３）,Nose,ケイト　デザイニングアイブロウ3D / EX-4　（２）,LowerEyelid,カリプソ　マジックコンシーラー / ピンクベージュ,LowerEyelid,ケイト　ダブルラインフェイカー,UpperEyeline,[ビューラー],UpperEyelash,キャンメイク　フレアリングカールマスカラ,UpperEyelash,キャンメイク　フレアリングカールマスカラ,LowerEyelash,キュレル　リップケア クリーム ほんのり色づくタイプ,Lip,,,,,,,,,,,,,,,,,,,,,,,,,,,,,,,,,,,,,,,,,,,,,,,,,,,,,,,,,,,,,,,,,,,,
eYwyjFJMC5A,nanakoななこ,2019-05-18 19:22:28+00:00,【絶対バレない】私が高校生の時にやっていた学校メイクを超詳しく紹介したよ！すっぴん風メイク！【最強スクールメイク】【肌に優しい】,Instagram❥ https://www.instagram.com/_nana._.com_/?hl=ja Twitter❥ https://mobile.twitter.com/nanachoco_65 フォローも待って ...,〇,G9 SKIN　WHITE WHIPPING CREAM(ウユクリーム),Base,キャンメイク　マシュマロフィニッシュパウダー / MP マットピンクオークル,Powder,[二重],DoubleEyelid,セザンヌ　ナチュラル チークN / 101 ホットピンク,Cheek,メンターム　口紅がいらない薬用リップ / うすづきUV,Lip,ケイト　CCリップクリーム / 01 BEAT RED,Lip,セザンヌ　ナチュラル チークN / 101 ホットピンク,LowerEyelid,セザンヌ　ナチュラル チークN / 101 ホットピンク,Nose,セザンヌ　ナチュラル チークN / 101 ホットピンク,Chin,セザンヌ　ナチュラル チークN / 101 ホットピンク,UpperEyelid,AC MAKEUP(エーシーメイクアップ) AC アイブロウ パウダー / ？　（１）,Brow,AC MAKEUP(エーシーメイクアップ) AC アイブロウ パウダー / ？　（１）　〓〓〓　AC MAKEUP(エーシーメイクアップ) AC アイブロウ パウダー / ？　（２）,Brow,AC MAKEUP(エーシーメイクアップ) AC アイブロウ パウダー / ？　（１）,LowerEyelid,AC MAKEUP(エーシーメイクアップ) AC アイブロウ パウダー / ？　（１）,Nose,セザンヌ　描くふたえアイライナー / 20 影用グレージュ,UpperEyeline,セザンヌ　描くふたえアイライナー / 20 影用グレージュ,Lip,ケイトラッシュフォーマー(ロング) / BK-1,UpperEyelash,,,,,,,,,,,,,,,,,,,,,,,,,,,,,,,,,,,,,,,,,,,,,,,,,,,,,,,,,,
lSsB0t91nus,ゆうこすモテちゃんねる,2016-11-17 18:20:36+00:00,絶対バレない学校モテメイク,菅本裕子（ゆうこす）です！ 今回は「絶対バレない学校メイク」！ このメイクで、クラスの男の子を落とせますようにっ！,アコルデ　デイリーベーシックブラウン,セザンヌ　皮脂テカリ防止下地 / ピンクベージュ,Base,24h cosme　プレミアム スティックカバーファンデーション / LNO1ライトナチュラルオークル,Foundation,ヴィセ リシェ　リップ＆チーク クリーム / BE-8,Cheek,ヴィセ　ヴィセ リシェ パーフェクトルースパウダー / 01,Powder,資生堂　アイラッシュカーラー 213,UpperEyelash,デジャヴュ　密着アイライナー ラスティンファイン クリームペンシル / ダークブラウン,UpperEyeline,セザンヌ　クリア マスカラR,UpperEyelash,マジョリカ マジョルカ　リップエッセンスバーム / ベビーティント,Lip,レブロン　バーム ステイン / 45 ロマンティック,Lip,,,,,,,,,,,,,,,,,,,,,,,,,,,,,,,,,,,,,,,,,,,,,,,,,,,,,,,,,,,,,,,,,,,,,,,,,,
c3HGKeGWvfw,ゆうこすモテちゃんねる,2017-12-28 00:47:30+00:00,絶対バレない学校モテメイク♡【裸眼メイク】,こんばんは！ 今日は絶対バレない学校メイク、新バージョン！笑 １年前にアップした学校メイクより、より自然に！バレない ...,〇,毛穴パテ職人　ミネラルCCクリーム EM,Base,ノブ　コンシーラー / 2 ライトベージュ,Concealer,マジョリカ マジョルカ　クリーム・デ・チーク / PK312,Cheek,キャンメイク　シークレットビューティーパウダー / No.01 クリア,Nose,キャンメイク　シークレットビューティーパウダー / No.01 クリア,Forehead,キャンメイク　シークレットビューティーパウダー / No.01 クリア,Chin,キャンメイク　リップティントシロップ / No.01 サクラシロップ,Lip,[ビューラー],UpperEyelash,マジョリカ マジョルカ　ラインマニア / BR666(カートリッジ),UpperEyeline,フローフシ　モテマスカラ TECHNICAL 1,UpperEyelash,,,,,,,,,,,,,,,,,,,,,,,,,,,,,,,,,,,,,,,,,,,,,,,,,,,,,,,,,,,,,,,,,,,,,,,,
